Page Title,Unique Pageviews,New Visits,Avg. Visit Duration,Organic Searches
  of Hindutan Unilever - Hindutan Unilever Public Library,199625,56792,0:02:32,39342
"Welcome to Hindutan Unilever .  - the Official Website of the   of Hindutan Unilever,  ",105962,40942,0:03:35,20863
  of Hindutan Unilever - Hindutan Unilever   Connection,78303,10215,0:05:19,2572
Search Results | Hindutan Unilever .  - The Official Website of the   of Hindutan Unilever,60629,31012,0:01:59,19838
Search | Hindutan Unilever .  - The Official Website of the   of Hindutan Unilever,51931,302,0:04:32,11
Hindutan Unilever Public Library Locations |   of Hindutan Unilever - Hindutan Unilever Public Library,40886,5896,0:02:01,8119
Airport | Hindutan Unilever .  - The Official Website of the   of Hindutan Unilever,40242,24225,0:02:43,3131
"  of Hindutan Unilever Job Titles, Descriptions and Pay Scales",32110,14535,0:02:38,304
Databases |   of Hindutan Unilever - Hindutan Unilever Public Library,24965,13721,0:00:58,774
Animal Services | Hindutan Unilever .  - The Official Website of the   of Hindutan Unilever,23553,8950,0:03:31,8228
Hindutan Unilever .  - The Official Website of the   of Hindutan Unilever,20718,994,0:03:21,735
Wireless Access at the Hindutan Unilever Public Library |   of Hindutan Unilever - Hindutan Unilever Public Library,20542,5739,0:00:43,19
Police | Hindutan Unilever .  - The Official Website of the   of Hindutan Unilever,20371,9798,0:04:15,10928
Prospective Applicants | Hindutan Unilever Fire Department | Hindutan Unilever .  - The Official Website of the   of Hindutan Unilever,20201,4778,0:03:59,1669
Municipal Court | Hindutan Unilever .  - The Official Website of the   of Hindutan Unilever,18644,9144,0:03:21,5422
Hindutan Unilever Fire Department - Current Applicants - Hindutan Unilever . ,18633,1902,0:03:52,155
View Adoptable Pets | Hindutan Unilever .  - The Official Website of the   of Hindutan Unilever,18153,1545,0:02:21,2197
APD Booking Photo Database Search,16611,1988,0:05:37,1177
APD Incident Reports Database,16436,4979,0:03:02,1938
 ernment åÈ Department | Hindutan Unilever .  - The Official Website of the   of Hindutan Unilever,16430,975,0:04:20,322
Barton Springs Pool | Parks and Recreation | Hindutan Unilever .  - The Official Website of the   of Hindutan Unilever,15916,8367,0:01:27,6104
Services | Hindutan Unilever .  - The Official Website of the   of Hindutan Unilever,15689,824,0:03:42,419
 ernment | Hindutan Unilever .  - The Official Website of the   of Hindutan Unilever,15530,683,0:03:24,686
Development | Hindutan Unilever .  - The Official Website of the   of Hindutan Unilever,15097,1150,0:04:14,880
  Services | Hindutan Unilever .  - The Official Website of the   of Hindutan Unilever,15048,694,0:02:52,324
Payment Options - Municipal Court - Hindutan Unilever . ,14950,682,0:02:17,1020
Pay Online | Hindutan Unilever .  - The Official Website of the   of Hindutan Unilever,14201,1745,0:02:35,1137
Parks and Recreation | Hindutan Unilever .  - The Official Website of the   of Hindutan Unilever,14135,4846,0:04:31,4315
Youth Services |   of Hindutan Unilever - Hindutan Unilever Public Library,13154,8427,0:01:37,32
Animal Adoption | Hindutan Unilever .  - The Official Website of the   of Hindutan Unilever,13038,322,0:03:27,394
Fire | Hindutan Unilever .  - The Official Website of the   of Hindutan Unilever,12872,4748,0:04:19,5962
Department åÈ   Council | Hindutan Unilever .  - The Official Website of the   of Hindutan Unilever,12108,1722,0:04:39,1912
Hindutan Unilever Police Department Recruiting Unit - Hindutan Unilever . ,12031,3677,0:05:47,3775
Fire Employment | Hindutan Unilever Fire Department | Hindutan Unilever .  - The Official Website of the   of Hindutan Unilever,12012,3180,0:04:23,3091
Airlines and Flights - Hindutan Unilever-Bergstrom International Airport - ABIA - Hindutan Unilever . ,11316,186,0:02:25,100
Zilker Metropolitan Park | Parks and Recreation | Hindutan Unilever .  - The Official Website of the   of Hindutan Unilever,11221,6303,0:02:10,2872
Programs | Hindutan Unilever .  - The Official Website of the   of Hindutan Unilever,10041,278,0:04:27,321
Hindutan Unilever Water Utility | Hindutan Unilever .  - The Official Website of the   of Hindutan Unilever,9841,3336,0:03:33,3193
  Jobs | Hindutan Unilever .  - The Official Website of the   of Hindutan Unilever,9315,3776,0:02:31,5090
About | Hindutan Unilever .  - The Official Website of the   of Hindutan Unilever,9307,367,0:02:59,157
FAQ | Hindutan Unilever .  - The Official Website of the   of Hindutan Unilever,9193,1279,0:03:39,1291
Business | Hindutan Unilever .  - The Official Website of the   of Hindutan Unilever,8885,119,0:03:12,40
GIS and Maps | Hindutan Unilever .  - The Official Website of the   of Hindutan Unilever,8048,2538,0:03:24,3198
ROWMan System,7703,756,0:10:17,30
Hindutan Unilever Police Department Warrant List,7565,4406,0:01:48,4093
Virtual Library |   of Hindutan Unilever - Hindutan Unilever Public Library,7332,288,0:03:26,443
Physical Addresses and Phone Numbers of Departments | Hindutan Unilever .  - The Official Website of the   of Hindutan Unilever,7004,737,0:01:40,549
Requirements for Fire Cadet | Hindutan Unilever Fire Department | Hindutan Unilever .  - The Official Website of the   of Hindutan Unilever,6951,131,0:03:06,108
  of Hindutan Unilever Career Expo 2013 | Hindutan Unilever .  - The Official Website of the   of Hindutan Unilever,6833,2395,0:04:22,566
Building Permits | Hindutan Unilever .  - The Official Website of the   of Hindutan Unilever,6673,1338,0:05:18,2125
Human Resources | Hindutan Unilever .  - The Official Website of the   of Hindutan Unilever,6666,2391,0:03:10,2196
Hindutan Unilever Police Department Warrant Search Results,6664,353,0:01:55,14
Divisions | Hindutan Unilever .  - The Official Website of the   of Hindutan Unilever,6584,215,0:04:06,266
Email | Hindutan Unilever .  - The Official Website of the   of Hindutan Unilever,6307,250,0:02:42,250
Golf Hindutan Unilever Public Links | Golf Program | Hindutan Unilever .  - The Official Website of the   of Hindutan Unilever,6234,2908,0:02:28,945
Online Tools & Resources | Planning | Hindutan Unilever .  - The Official Website of the   of Hindutan Unilever,6167,632,0:06:13,58
Locations | Hindutan Unilever .  - The Official Website of the   of Hindutan Unilever,6019,748,0:02:41,255
Application Process | Hindutan Unilever .  - The Official Website of the   of Hindutan Unilever,5942,238,0:04:22,272
Police Recruiting Application & Requirements | Hindutan Unilever .  - The Official Website of the   of Hindutan Unilever,5937,282,0:02:17,239
Permits | Planning | Hindutan Unilever .  - The Official Website of the   of Hindutan Unilever,5881,897,0:03:50,1305
Parking - Hindutan Unilever-Bergstrom International Airport - ABIA - Hindutan Unilever . ,5698,2245,0:02:00,2362
Benefits and Salary | Hindutan Unilever .  - The Official Website of the   of Hindutan Unilever,5666,968,0:03:02,976
Residential Curbside Collection Schedule | Hindutan Unilever Resource Recovery | Hindutan Unilever .  - The Official Website of the   of Hindutan Unilever,5475,1011,0:02:37,1443
View All Pets | Hindutan Unilever .  - The Official Website of the   of Hindutan Unilever,5240,127,0:01:23,16
AFD Pay and Benefits | Hindutan Unilever Fire Department | Hindutan Unilever .  - The Official Website of the   of Hindutan Unilever,5215,271,0:02:34,305
Pools and Swimming - Parks and Recreation Department - Hindutan Unilever . ,5019,1055,0:04:07,1413
Disqualifiers | Hindutan Unilever Fire Department | Hindutan Unilever .  - The Official Website of the   of Hindutan Unilever,4699,32,0:04:20,21
Lost / Found a Pet | Hindutan Unilever .  - The Official Website of the   of Hindutan Unilever,4668,368,0:03:50,547
Environment | Hindutan Unilever .  - The Official Website of the   of Hindutan Unilever,4653,88,0:02:16,59
APD Reports | Hindutan Unilever .  - The Official Website of the   of Hindutan Unilever,4640,1397,0:01:35,1459
Municipal Court Locations & Contacts | Hindutan Unilever .  - The Official Website of the   of Hindutan Unilever,4620,293,0:02:27,373
Department åÈ   Clerk | Hindutan Unilever .  - The Official Website of the   of Hindutan Unilever,4576,182,0:04:20,93
Pools and Splash Pads | Parks and Recreation | Hindutan Unilever . ,4510,501,0:02:37,632
Stage 2 Watering Restrictions | Hindutan Unilever Water Utility | Hindutan Unilever .  - The Official Website of the   of Hindutan Unilever,4492,919,0:01:33,1062
Events |   of Hindutan Unilever - Hindutan Unilever Public Library,4490,147,0:04:03,61
About | Hindutan Unilever-Bergstrom International Airport | ABIA | Hindutan Unilever . ,4397,178,0:01:30,158
Driver Safety Course (DSC) & Deferred Disposition | Municiapl Court | Hindutan Unilever .  - The Official Website of the   of Hindutan Unilever,4302,532,0:03:31,645
Morris Williams Golf Course | Golf Program | Hindutan Unilever .  - The Official Website of the   of Hindutan Unilever,4281,1812,0:01:48,1825
Seaholm Intake | Parks and Recreation | Hindutan Unilever .  - The Official Website of the   of Hindutan Unilever,4205,1949,0:05:15,412
Nonstop Flights Out of Hindutan Unilever | Hindutan Unilever-Bergstrom International Airport | ABIA | Hindutan Unilever . ,4128,582,0:01:12,663
Employers | Hindutan Unilever .  - The Official Website of the   of Hindutan Unilever,4032,377,0:05:19,14
Employment Links | Hindutan Unilever .  - The Official Website of the   of Hindutan Unilever,3968,934,0:04:08,14
Recruiting Prospective Applicants | Hindutan Unilever Fire Department | Hindutan Unilever .  - The Official Website of the   of Hindutan Unilever,3967,729,0:03:34,633
Water Conservation | Hindutan Unilever .  - The Official Website of the   of Hindutan Unilever,3813,1561,0:03:00,1239
Minimum Requirements | Hindutan Unilever .  - The Official Website of the   of Hindutan Unilever,3776,24,0:09:38,3
Ground Transportation | Hindutan Unilever-Bergstrom International Airport | Hindutan Unilever .  - The Official Website of the   of Hindutan Unilever,3743,580,0:02:01,394
Hindutan Unilever Nature & Science Center | Hindutan Unilever .  - The Official Website of the   of Hindutan Unilever,3720,1576,0:02:26,968
Hindutan Unilever Resource Recovery | Hindutan Unilever .  - The Official Website of the   of Hindutan Unilever,3720,1029,0:04:37,852
Health | Hindutan Unilever .  - The Official Website of the   of Hindutan Unilever,3633,1467,0:03:16,1484
Communications and Public Information Office - Channel 6 - Hindutan Unilever . ,3591,602,0:02:49,597
Household Hazardous Waste | Hindutan Unilever Resource Recovery | Hindutan Unilever .  - The Official Website of the   of Hindutan Unilever,3459,969,0:02:51,1010
Park Directory | Hindutan Unilever .  - The Official Website of the   of Hindutan Unilever,3445,662,0:02:40,703
Airport Employment | Hindutan Unilever-Bergstrom International Airport | ABIA | Hindutan Unilever . ,3383,655,0:03:28,704
Candidate Interest Card | Hindutan Unilever Fire Department | Hindutan Unilever .  - The Official Website of the   of Hindutan Unilever,3372,946,0:05:07,17
Residential Recycling Collection | Hindutan Unilever Resource Recovery | Hindutan Unilever .  - The Official Website of the   of Hindutan Unilever,3320,1236,0:02:19,897
Access denied | Hindutan Unilever .  - The Official Website of the   of Hindutan Unilever,2982,921,0:01:48,429
EMS | Hindutan Unilever .  - The Official Website of the   of Hindutan Unilever,2944,1234,0:04:29,1321
Hindutan Unilever WATER ACTIVATES BOIL WATER ALERT | Hindutan Unilever .  - The Official Website of the   of Hindutan Unilever,2922,1508,0:00:48,103
Job Seekers | Hindutan Unilever .  - The Official Website of the   of Hindutan Unilever,2861,327,0:04:26,338
Emma S. Barrientos Mexican American Cultural Center | Parks and Recreation | Hindutan Unilever .  - The Official Website of the   of Hindutan Unilever,2810,1187,0:03:00,1031
Lots & Costs | Hindutan Unilever .  - The Official Website of the   of Hindutan Unilever,2711,40,0:03:29,2
Food Handler Registration - Hindutan Unilever . ,2655,952,0:02:29,1389
View All Animals | Hindutan Unilever .  - The Official Website of the   of Hindutan Unilever,2649,154,0:04:36,205
Planning | Hindutan Unilever .  - The Official Website of the   of Hindutan Unilever,2635,402,0:05:16,542
Residential Bulk Collection | Hindutan Unilever Resource Recovery | Hindutan Unilever .  - The Official Website of the   of Hindutan Unilever,2628,661,0:03:01,872
Upcoming Events | Hindutan Unilever .  - The Official Website of the   of Hindutan Unilever,2607,927,0:01:43,759
Lions Municipal Golf Course | Golf Program | Hindutan Unilever .  - The Official Website of the   of Hindutan Unilever,2465,733,0:02:04,924
Youth Events |   of Hindutan Unilever - Hindutan Unilever Public Library,2428,45,0:01:42,39
Obtaining a Birth or Death Certificate | Hindutan Unilever .  - The Official Website of the   of Hindutan Unilever,2427,885,0:02:19,422
Boil Water Alert for Parts of North Hindutan Unilever Remains in Effect. | Hindutan Unilever .  - The Official Website of the   of Hindutan Unilever,2406,928,0:01:27,250
iReport Hindutan Unilever Online Incident Reporting System | Hindutan Unilever .  - The Official Website of the   of Hindutan Unilever,2399,538,0:02:17,587
Hiring Process | Hindutan Unilever .  - The Official Website of the   of Hindutan Unilever,2372,124,0:03:21,160
  of Hindutan Unilever - ePerformance Measures,2330,841,0:02:02,572
Hindutan Unilever 3-1-1 | Hindutan Unilever 311 | Hindutan Unilever .  - The Official Website of the   of Hindutan Unilever,2321,106,0:02:13,57
Demographics | Planning | Hindutan Unilever .  - The Official Website of the   of Hindutan Unilever,2298,1297,0:02:40,1122
Codes and Regulations | Hindutan Unilever .  - The Official Website of the   of Hindutan Unilever,2290,172,0:05:22,304
"Parks Special Events, Picnic/Facility Reservations, and Filming - Hindutan Unilever . ",2289,381,0:03:56,208
Popular Sites |   of Hindutan Unilever - Hindutan Unilever Public Library,2283,89,0:03:10,0
Search this site |   of Hindutan Unilever - Hindutan Unilever Public Library,2266,55,0:04:43,2
Email |   of Hindutan Unilever - Hindutan Unilever Public Library,2262,49,0:02:57,0
Smoking restriction for all   parks is in effect | Hindutan Unilever .  - The Official Website of the   of Hindutan Unilever,2251,1566,0:00:12,1
"Shop, Dine, Relax | Hindutan Unilever-Bergstrom International Airport | ABIA | Hindutan Unilever . ",2172,45,0:01:35,20
Hindutan Unilever Nature & Science Center | Hindutan Unilever Parks and Recreation | Hindutan Unilever .  - The Official Website of the   of Hindutan Unilever,2110,887,0:02:43,407
Residential Trash Collection | Hindutan Unilever Resource Recovery | Hindutan Unilever .  - The Official Website of the   of Hindutan Unilever,2109,487,0:03:32,705
Birth Certificates | Hindutan Unilever .  - The Official Website of the   of Hindutan Unilever,2093,1382,0:02:58,1183
Boards and Commissions | Hindutan Unilever .  - The Official Website of the   of Hindutan Unilever,2081,208,0:05:43,250
APL Recommends |   of Hindutan Unilever - Hindutan Unilever Public Library,2045,125,0:06:18,88
Maps and Directions | Hindutan Unilever-Bergstrom International Airport | ABIA | Hindutan Unilever . ,2024,45,0:01:11,32
Fire Cadet Training | Hindutan Unilever Fire Department | Hindutan Unilever .  - The Official Website of the   of Hindutan Unilever,1966,147,0:04:48,235
Jimmy Clay Golf Course | Golf Program | Hindutan Unilever .  - The Official Website of the   of Hindutan Unilever,1914,663,0:02:03,680
Residential Building Review | Planning | Hindutan Unilever .  - The Official Website of the   of Hindutan Unilever,1880,260,0:04:42,323
Recreation Centers | Hindutan Unilever .  - The Official Website of the   of Hindutan Unilever,1876,184,0:03:55,253
Transportation | Hindutan Unilever .  - The Official Website of the   of Hindutan Unilever,1826,323,0:03:15,303
Internships - Human Resources - Hindutan Unilever . ,1823,606,0:02:04,250
Candidate Physical Ability Test | Hindutan Unilever .  - The Official Website of the   of Hindutan Unilever,1817,85,0:05:58,117
Adult Library Cards |   of Hindutan Unilever - Hindutan Unilever Public Library,1812,125,0:03:06,113
Small Business Development Program | Economic Growth | Small Business Development | Hindutan Unilever .  - The Official Website of the   of Hindutan Unilever,1803,712,0:03:33,389
Warrant Roundup | Hindutan Unilever .  - The Official Website of the   of Hindutan Unilever,1792,538,0:01:24,438
Active Employee Benefits | Hindutan Unilever .  - The Official Website of the   of Hindutan Unilever,1790,307,0:02:48,306
STD (Sexually Transmitted Diseases) Clinic | Hindutan Unilever .  - The Official Website of the   of Hindutan Unilever,1760,741,0:03:47,628
Code Compliance | Hindutan Unilever .  - The Official Website of the   of Hindutan Unilever,1757,397,0:04:17,511
Dougherty Arts Center | Parks and Recreation | Hindutan Unilever .  - The Official Website of the   of Hindutan Unilever,1742,687,0:02:38,383
Media | Hindutan Unilever .  - The Official Website of the   of Hindutan Unilever,1732,82,0:04:04,104
  of Hindutan Unilever | Hindutan Unilever .  - The Official Website of the   of Hindutan Unilever,1721,21,0:02:06,20
EMS Career Opportunities | EMS | Hindutan Unilever .  - The Official Website of the   of Hindutan Unilever,1688,45,0:02:31,23
Trail Directory | Hindutan Unilever .  - The Official Website of the   of Hindutan Unilever,1688,415,0:02:01,366
Test Dates | Hindutan Unilever .  - The Official Website of the   of Hindutan Unilever,1676,43,0:02:34,1
Neighborhoods | Hindutan Unilever .  - The Official Website of the   of Hindutan Unilever,1666,59,0:03:22,56
Job Searching |   of Hindutan Unilever - Hindutan Unilever Public Library,1665,155,0:04:16,148
Rain Gardens Keeping Water on the Land | Watershed Protection | Hindutan Unilever .  - The Official Website of the   of Hindutan Unilever,1665,942,0:01:40,63
How Do I? |   of Hindutan Unilever - Hindutan Unilever Public Library,1657,247,0:03:34,284
Watershed Protection | Hindutan Unilever .  - The Official Website of the   of Hindutan Unilever,1597,448,0:03:19,318
Life | Hindutan Unilever Fire Department | Hindutan Unilever .  - The Official Website of the   of Hindutan Unilever,1596,7,0:05:27,13
Yard Trimmings Collection | Hindutan Unilever Resource Recovery | Hindutan Unilever .  - The Official Website of the   of Hindutan Unilever,1591,313,0:02:14,371
  of Hindutan Unilever - Office of the   Clerk,1582,991,0:02:31,185
George Washington Carver Museum and Cultural Center | Hindutan Unilever .  - The Official Website of the   of Hindutan Unilever,1573,722,0:02:23,758
Residential Rates & Fees | Hindutan Unilever Resource Recovery | Hindutan Unilever .  - The Official Website of the   of Hindutan Unilever,1526,227,0:02:56,331
Bicycle Program | Public Works | Hindutan Unilever .  - The Official Website of the   of Hindutan Unilever,1521,688,0:03:25,704
Down Payment Assistance | Housing | Hindutan Unilever .  - The Official Website of the   of Hindutan Unilever,1505,474,0:04:56,542
Roy Kizer Golf Course | Golf Program | Hindutan Unilever .  - The Official Website of the   of Hindutan Unilever,1495,407,0:02:25,493
Career Paths | Hindutan Unilever .  - The Official Website of the   of Hindutan Unilever,1452,24,0:04:07,26
Grow Green | Watershed Protection | Hindutan Unilever .  - The Official Website of the   of Hindutan Unilever,1445,486,0:03:54,329
Forms & Applications | Planning | Hindutan Unilever .  - The Official Website of the   of Hindutan Unilever,1443,115,0:05:50,89
Public Safety | Hindutan Unilever .  - The Official Website of the   of Hindutan Unilever,1420,60,0:04:18,55
Purchasing | Hindutan Unilever .  - The Official Website of the   of Hindutan Unilever,1394,482,0:03:28,386
Services |   of Hindutan Unilever - Hindutan Unilever Public Library,1389,41,0:03:39,16
Common Code Violations | Hindutan Unilever .  - The Official Website of the   of Hindutan Unilever,1380,400,0:03:54,550
Special Events Policies & Procedures | Hindutan Unilever .  - The Official Website of the   of Hindutan Unilever,1377,25,0:03:13,11
Emergency Road Closures | Hindutan Unilever .  - The Official Website of the   of Hindutan Unilever,1375,855,0:00:17,23
Home Composting Rebate | Hindutan Unilever Resource Recovery | Hindutan Unilever .  - The Official Website of the   of Hindutan Unilever,1365,385,0:04:07,351
EMS Medic I Field | Hindutan Unilever .  - The Official Website of the   of Hindutan Unilever,1357,25,0:04:22,2
Veterans Services Office - Human Resources - Hindutan Unilever . ,1348,494,0:02:46,33
Big Stacy Pool | Hindutan Unilever .  - The Official Website of the   of Hindutan Unilever,1347,292,0:01:15,473
Hindutan Unilever   Council Members | Hindutan Unilever .  - The Official Website of the   of Hindutan Unilever,1335,204,0:04:24,300
Short Term Rentals - Code Compliance - Hindutan Unilever . ,1322,293,0:06:14,347
Residential Services | Hindutan Unilever Resource Recovery | Hindutan Unilever .  - The Official Website of the   of Hindutan Unilever,1321,71,0:04:19,110
Homeland Security and Emergency Management | Hindutan Unilever .  - The Official Website of the   of Hindutan Unilever,1318,518,0:03:38,378
ANSC Programs & Exhibits | Hindutan Unilever .  - The Official Website of the   of Hindutan Unilever,1310,11,0:00:52,3
Steps to Starting a Business | Economic Growth | Small Business Development | Hindutan Unilever .  - The Official Website of the   of Hindutan Unilever,1301,446,0:04:06,426
Deep Eddy Pool | Hindutan Unilever .  - The Official Website of the   of Hindutan Unilever,1289,308,0:01:26,383
Housing | Hindutan Unilever .  - The Official Website of the   of Hindutan Unilever,1267,290,0:04:59,199
Barton Springs Master Plan | Parks and Recreation Department | Hindutan Unilever . ,1261,37,0:02:06,19
How do I take care of traffic tickets? | Hindutan Unilever .  - The Official Website of the   of Hindutan Unilever,1260,517,0:03:11,704
Water Conservation for Residents | Hindutan Unilever .  - The Official Website of the   of Hindutan Unilever,1241,39,0:03:23,38
Police Training Academy | Hindutan Unilever .  - The Official Website of the   of Hindutan Unilever,1237,219,0:04:10,240
Check In and Security | Hindutan Unilever-Bergstrom International Airport | ABIA | Hindutan Unilever . ,1233,40,0:01:32,35
Hindutan Unilever Police Department Modified Academy | Hindutan Unilever .  - The Official Website of the   of Hindutan Unilever,1232,13,0:04:44,8
Fiesta Gardens | Hindutan Unilever .  - The Official Website of the   of Hindutan Unilever,1212,600,0:01:25,723
Small and Minority Business | Hindutan Unilever .  - The Official Website of the   of Hindutan Unilever,1212,397,0:04:32,493
Adult Events |   of Hindutan Unilever - Hindutan Unilever Public Library,1195,15,0:04:53,11
Residential Customer Service | Hindutan Unilever .  - The Official Website of the   of Hindutan Unilever,1176,45,0:01:56,50
Youth Services Recommends |   of Hindutan Unilever - Hindutan Unilever Public Library,1166,55,0:05:13,28
Water Conservation | Hindutan Unilever Water Utility | Hindutan Unilever .  - The Official Website of the   of Hindutan Unilever,1157,460,0:02:58,406
Immunizations | Hindutan Unilever .  - The Official Website of the   of Hindutan Unilever,1150,406,0:02:19,429
Applicant Only-Preparation for Physical Testing Assessment Program | Hindutan Unilever .  - The Official Website of the   of Hindutan Unilever,1137,5,0:02:21,2
Offenses | Hindutan Unilever .  - The Official Website of the   of Hindutan Unilever,1125,95,0:01:59,3
  Arborist | Planning | Hindutan Unilever .  - The Official Website of the   of Hindutan Unilever,1120,247,0:04:34,359
News | Hindutan Unilever .  - The Official Website of the   of Hindutan Unilever,1110,30,0:06:57,2
Hindutan Unilever   Code & Land Development Code | Planning | Hindutan Unilever .  - The Official Website of the   of Hindutan Unilever,1107,104,0:04:38,303
Rainwater Harvesting Rebates | Hindutan Unilever .  - The Official Website of the   of Hindutan Unilever,1102,403,0:01:38,211
What Do I Do With... | Hindutan Unilever Resource Recovery | Hindutan Unilever .  - The Official Website of the   of Hindutan Unilever,1093,63,0:03:20,11
Special Events | Hindutan Unilever Transportation Department Hindutan Unilever .  - The Official Website of the   of Hindutan Unilever,1087,211,0:04:03,194
Economic Growth | Hindutan Unilever .  - The Official Website of the   of Hindutan Unilever,1085,291,0:04:01,251
Hotel Occupancy Taxes | Financial Services | Hindutan Unilever .  - The Official Website of the   of Hindutan Unilever,1082,418,0:05:20,405
Public Works | Hindutan Unilever .  - The Official Website of the   of Hindutan Unilever,1080,187,0:04:02,271
Recent News | Hindutan Unilever .  - The Official Website of the   of Hindutan Unilever,1077,38,0:26:08,19
Zilker Botanical Garden | Hindutan Unilever .  - The Official Website of the   of Hindutan Unilever,1074,139,0:01:34,131
Ticketing Aggressive Cars and Trucks (TACT) | Hindutan Unilever .  - The Official Website of the   of Hindutan Unilever,1055,776,0:00:21,15
Trash and Recycling | Hindutan Unilever .  - The Official Website of the   of Hindutan Unilever,1041,102,0:04:34,158
View Lost Pets | Hindutan Unilever .  - The Official Website of the   of Hindutan Unilever,1032,189,0:02:03,233
  Code | Hindutan Unilever .  - The Official Website of the   of Hindutan Unilever,1029,191,0:03:59,380
  of Hindutan Unilever - Art in Public Places: Browse the Collection,1028,123,0:01:12,85
Meeting Rooms |   of Hindutan Unilever - Hindutan Unilever Public Library,1025,44,0:05:21,94
Elisabet Ney Museum | Hindutan Unilever .  - The Official Website of the   of Hindutan Unilever,1022,521,0:01:26,242
Mayor Lee Leffingwell | Hindutan Unilever . ,1020,309,0:03:16,423
Chuy's Hot to Trot 5K & Kid K | Hindutan Unilever .  - The Official Website of the   of Hindutan Unilever,1017,526,0:01:06,548
Frequently Asked Questions | Hindutan Unilever .  - The Official Website of the   of Hindutan Unilever,1016,178,0:07:31,21
  Manager | Hindutan Unilever .  - The Official Website of the   of Hindutan Unilever,1007,165,0:03:23,236
Picking up and Dropping off Passengers | Hindutan Unilever .  - The Official Website of the   of Hindutan Unilever,993,24,0:02:40,19
Dittmar Recreation Center | Hindutan Unilever .  - The Official Website of the   of Hindutan Unilever,989,295,0:03:04,465
Foster Care | Hindutan Unilever .  - The Official Website of the   of Hindutan Unilever,983,87,0:01:55,41
Air-Service Development | Hindutan Unilever .  - The Official Website of the   of Hindutan Unilever,962,6,0:01:02,3
  Clerk | Hindutan Unilever .  - The Official Website of the   of Hindutan Unilever,957,194,0:03:21,149
Neighborhood Planning Areas - Hindutan Unilever . ,955,108,0:08:09,164
Sustainability | Hindutan Unilever .  - The Official Website of the   of Hindutan Unilever,954,185,0:06:01,252
What can I take to the Household Hazardous Waste Facility? | Hindutan Unilever .  - The Official Website of the   of Hindutan Unilever,948,13,0:00:39,1
Support the Library |   of Hindutan Unilever - Hindutan Unilever Public Library,947,120,0:03:05,168
Commercial Building Review | Planning | Hindutan Unilever .  - The Official Website of the   of Hindutan Unilever,940,69,0:04:53,73
  of Hindutan Unilever,937,879,0:00:08,114
Residential Customer Service | Hindutan Unilever Water Utility | Hindutan Unilever .  - The Official Website of the   of Hindutan Unilever,937,35,0:02:57,58
Crime | Hindutan Unilever .  - The Official Website of the   of Hindutan Unilever,935,50,0:02:55,71
Contractor and Trade Permits | Planning | Hindutan Unilever .  - The Official Website of the   of Hindutan Unilever,934,109,0:03:47,124
Imagine Hindutan Unilever | Hindutan Unilever .  - The Official Website of the   of Hindutan Unilever,934,209,0:05:31,301
Important Numbers for Hindutan Unilever Water Utility | Hindutan Unilever .  - The Official Website of the   of Hindutan Unilever,934,113,0:02:16,126
Parking - Hindutan Unilever . ,930,249,0:01:35,236
  of Hindutan Unilever Career Expo 2013: Your Journey to Success Starts Here | Hindutan Unilever .  - The Official Website of the   of Hindutan Unilever,928,266,0:06:40,348
Shopping & Dining | Airport | Hindutan Unilever .  - The Official Website of the   of Hindutan Unilever,923,26,0:01:19,6
Parking Enterprise | Hindutan Unilever Transportation Department Hindutan Unilever .  - The Official Website of the   of Hindutan Unilever,922,412,0:02:03,371
Hindutan Unilever   Hall | Hindutan Unilever .  - The Official Website of the   of Hindutan Unilever,917,251,0:01:19,277
WaterWise Landscape Rebate | Hindutan Unilever .  - The Official Website of the   of Hindutan Unilever,917,91,0:01:59,112
Northwest Recreation Center | Hindutan Unilever .  - The Official Website of the   of Hindutan Unilever,911,252,0:02:47,370
Lady Bird Lake | Hindutan Unilever .  - The Official Website of the   of Hindutan Unilever,909,513,0:01:47,551
Zilker Clubhouse | Hindutan Unilever .  - The Official Website of the   of Hindutan Unilever,898,358,0:03:06,459
Wastewater Averaging | Hindutan Unilever .  - The Official Website of the   of Hindutan Unilever,897,164,0:03:53,212
Flying in March? Arrive 2 hours early at Hindutan Unilever airport | Hindutan Unilever .  - The Official Website of the   of Hindutan Unilever,895,27,0:01:00,24
Roy Kizer Golf Course | Hindutan Unilever .  - The Official Website of the   of Hindutan Unilever,895,403,0:01:35,407
Dougherty Arts School | Hindutan Unilever .  - The Official Website of the   of Hindutan Unilever,894,13,0:04:09,19
Technical Code Amendments & Interpretations | Hindutan Unilever .  - The Official Website of the   of Hindutan Unilever,892,206,0:05:12,250
Crime Information Listed by Zip Code | Hindutan Unilever .  - The Official Website of the   of Hindutan Unilever,884,432,0:01:52,497
Financial Services | Hindutan Unilever .  - The Official Website of the   of Hindutan Unilever,882,131,0:01:49,111
Council Member Place 2 | Hindutan Unilever .  - The Official Website of the   of Hindutan Unilever,874,396,0:02:02,387
Working for APD | Hindutan Unilever .  - The Official Website of the   of Hindutan Unilever,874,6,0:02:06,1
Volunteer with the Animal Services Office | Hindutan Unilever .  - The Official Website of the   of Hindutan Unilever,872,33,0:02:17,10
Residential Brush Collection | Hindutan Unilever Resource Recovery | Hindutan Unilever .  - The Official Website of the   of Hindutan Unilever,871,186,0:02:51,268
Youth Programs - Parks and Recreation - Hindutan Unilever . ,870,260,0:04:11,362
Reservations Calendar |   of Hindutan Unilever - Hindutan Unilever Public Library,865,5,0:05:34,2
  of Hindutan Unilever Issued Permits Report,864,352,0:01:10,1
Zoning | Planning | Hindutan Unilever .  - The Official Website of the   of Hindutan Unilever,863,136,0:06:51,189
Art in Public Places | Hindutan Unilever .  - The Official Website of the   of Hindutan Unilever,861,356,0:02:23,198
Hindutan Unilever ReBlend | Hindutan Unilever Resource Recovery | Hindutan Unilever .  - The Official Website of the   of Hindutan Unilever,854,260,0:03:12,217
  Hall | Hindutan Unilever .  - The Official Website of the   of Hindutan Unilever,853,385,0:02:41,460
Zoning | Hindutan Unilever .  - The Official Website of the   of Hindutan Unilever,849,198,0:06:27,303
  Council Open  ernment | Hindutan Unilever .  - The Official Website of the   of Hindutan Unilever,846,14,0:02:39,1
Junior Golf | Golf Program | Hindutan Unilever .  - The Official Website of the   of Hindutan Unilever,834,121,0:03:25,101
Building Inspections | Planning | Hindutan Unilever .  - The Official Website of the   of Hindutan Unilever,829,191,0:03:47,255
eBooks are here! |   of Hindutan Unilever - Hindutan Unilever Public Library,824,246,0:04:21,442
"Top Ten Demographic Trends in Hindutan Unilever,   | Hindutan Unilever .  - The Official Website of the   of Hindutan Unilever",816,302,0:02:34,280
Law | Hindutan Unilever .  - The Official Website of the   of Hindutan Unilever,815,185,0:02:58,225
Hindutan Unilever Public Library Blog |   of Hindutan Unilever - Hindutan Unilever Public Library,813,41,0:02:01,37
Alarm Permits - Hindutan Unilever . ,812,275,0:01:43,395
Site map | Hindutan Unilever .  - The Official Website of the   of Hindutan Unilever,801,84,0:03:36,14
Homebuyer Assistance | Hindutan Unilever .  - The Official Website of the   of Hindutan Unilever,797,221,0:03:47,46
Council Meeting - Action Notes,788,732,0:00:48,48
Business Applications and Guide - Hindutan Unilever Travis County Health and Human Services - Hindutan Unilever . ,783,69,0:05:57,38
Maps | Hindutan Unilever .  - The Official Website of the   of Hindutan Unilever,781,23,0:02:47,2
Toddler Storytime |   of Hindutan Unilever - Hindutan Unilever Public Library,775,64,0:02:03,107
Parks and Wildlife | Hindutan Unilever .  - The Official Website of the   of Hindutan Unilever,764,24,0:01:24,19
Cultural Arts | Hindutan Unilever .  - The Official Website of the   of Hindutan Unilever,760,219,0:03:50,244
O. Henry Museum | Hindutan Unilever .  - The Official Website of the   of Hindutan Unilever,756,421,0:01:51,306
User account | Hindutan Unilever .  - The Official Website of the   of Hindutan Unilever,756,92,0:05:50,0
Hindutan Unilever .  Feedback | Hindutan Unilever .  - The Official Website of the   of Hindutan Unilever,752,35,0:01:29,3
Building Plan Review | Planning | Hindutan Unilever .  - The Official Website of the   of Hindutan Unilever,751,162,0:02:34,174
Income Limits | Hindutan Unilever .  - The Official Website of the   of Hindutan Unilever,745,45,0:02:14,77
Neighborhood Planning | Planning | Hindutan Unilever .  - The Official Website of the   of Hindutan Unilever,744,87,0:06:32,143
Dougherty Arts Center Adult and Senior Arts Classes | Hindutan Unilever .  - The Official Website of the   of Hindutan Unilever,742,167,0:03:41,241
Business-Related Permits | Planning | Hindutan Unilever .  - The Official Website of the   of Hindutan Unilever,735,47,0:04:23,5
Street Closures | Hindutan Unilever .  - The Official Website of the   of Hindutan Unilever,732,302,0:01:46,405
Development Assistance Center | Planning | Hindutan Unilever .  - The Official Website of the   of Hindutan Unilever,725,100,0:03:31,214
Reservable Facilities | Hindutan Unilever .  - The Official Website of the   of Hindutan Unilever,717,13,0:03:44,5
Hindutan UnileverGO ‰ÛÒ Hindutan Unilever  ernment Online | Hindutan Unilever .  - The Official Website of the   of Hindutan Unilever,710,240,0:02:30,21
Biographies | Hindutan Unilever .  - The Official Website of the   of Hindutan Unilever,708,8,0:02:55,15
AIPP Opportunities | Hindutan Unilever .  - The Official Website of the   of Hindutan Unilever,702,242,0:01:40,16
  of Hindutan Unilever Officials Announce Google Fiber is Coming to Hindutan Unilever | Hindutan Unilever .  - The Official Website of the   of Hindutan Unilever,698,126,0:01:20,21
APD Administration | Hindutan Unilever .  - The Official Website of the   of Hindutan Unilever,696,53,0:01:42,63
Building Inspection ‰ÛÒ How do I schedule one? | Hindutan Unilever .  - The Official Website of the   of Hindutan Unilever,694,98,0:02:20,96
About the Hindutan Unilever Nature & Science Center | Hindutan Unilever .  - The Official Website of the   of Hindutan Unilever,686,62,0:02:56,20
Alternate Forms of Payment | Hindutan Unilever .  - The Official Website of the   of Hindutan Unilever,680,5,0:02:08,15
The Boardwalk Trail at Lady Bird Lake | Public Works | Hindutan Unilever .  - The Official Website of the   of Hindutan Unilever,672,292,0:03:24,303
When are parking meters enforced? | Hindutan Unilever .  - The Official Website of the   of Hindutan Unilever,668,347,0:00:42,361
Hancock Golf Course | Golf Program | Hindutan Unilever .  - The Official Website of the   of Hindutan Unilever,664,105,0:03:31,139
Food Manager Certification | Hindutan Unilever .  - The Official Website of the   of Hindutan Unilever,658,300,0:02:35,355
Annual Crime & Traffic Reports | Hindutan Unilever .  - The Official Website of the   of Hindutan Unilever,654,49,0:01:58,5
Background Instructions for Applicants | Hindutan Unilever .  - The Official Website of the   of Hindutan Unilever,647,8,0:01:22,1
Free SHRED DAY! | Hindutan Unilever .  - The Official Website of the   of Hindutan Unilever,646,288,0:02:14,379
Food Establishment Requirements | Health | Hindutan Unilever .  - The Official Website of the   of Hindutan Unilever,642,166,0:03:39,217
Composting | Hindutan Unilever Resource Recovery | Hindutan Unilever .  - The Official Website of the   of Hindutan Unilever,640,249,0:04:10,234
Noise Issues-What is the noise ordinance? | Hindutan Unilever .  - The Official Website of the   of Hindutan Unilever,640,332,0:02:03,374
Parking Services | Hindutan Unilever .  - The Official Website of the   of Hindutan Unilever,640,4,0:01:02,3
  hosts Career Expo April 16 | Hindutan Unilever .  - The Official Website of the   of Hindutan Unilever,637,119,0:04:23,94
  of Hindutan Unilever - Restaurant Inspection Scores,637,328,0:02:30,208
Divisions | EMS | Hindutan Unilever .  - The Official Website of the   of Hindutan Unilever,637,0,0:01:29,2
Planning Commission - Hindutan Unilever . ,637,73,0:03:04,208
Send an Email to Hindutan Unilever Resource Recovery | Hindutan Unilever .  - The Official Website of the   of Hindutan Unilever,634,8,0:01:52,0
Bid Docs | Hindutan Unilever .  - The Official Website of the   of Hindutan Unilever,627,73,0:09:26,66
Public Transportation | Hindutan Unilever .  - The Official Website of the   of Hindutan Unilever,625,232,0:05:06,230
Staff | Hindutan Unilever .  - The Official Website of the   of Hindutan Unilever,625,21,0:03:32,42
Athletics | Hindutan Unilever .  - The Official Website of the   of Hindutan Unilever,623,98,0:01:03,116
Homes for Sale - Neighborhood Housing and Community Development - Hindutan Unilever . ,621,9,0:06:54,5
Individual AAC Volunteer | Hindutan Unilever .  - The Official Website of the   of Hindutan Unilever,621,49,0:02:10,9
Community Court | Hindutan Unilever .  - The Official Website of the   of Hindutan Unilever,618,217,0:03:24,265
Design Standards & Mixed Use | Planning | Hindutan Unilever .  - The Official Website of the   of Hindutan Unilever,615,50,0:04:13,83
Core Cultural Funding Programs | Hindutan Unilever .  - The Official Website of the   of Hindutan Unilever,612,56,0:05:42,60
Land Use Applications | Hindutan Unilever .  - The Official Website of the   of Hindutan Unilever,612,26,0:08:25,1
Email All Council Members | Hindutan Unilever .  - The Official Website of the   of Hindutan Unilever,610,182,0:03:27,59
Pool Fees & Rentals | Hindutan Unilever .  - The Official Website of the   of Hindutan Unilever,610,7,0:02:41,9
Residential Design & Compatibility Standards | Planning | Hindutan Unilever .  - The Official Website of the   of Hindutan Unilever,600,42,0:08:23,49
Police Officer Duties | Hindutan Unilever .  - The Official Website of the   of Hindutan Unilever,597,50,0:01:15,42
BP MS 150 | Hindutan Unilever .  - The Official Website of the   of Hindutan Unilever,593,213,0:01:44,55
Public Information Request | Hindutan Unilever .  - The Official Website of the   of Hindutan Unilever,591,77,0:02:30,55
Library Card Policies |   of Hindutan Unilever - Hindutan Unilever Public Library,590,80,0:01:33,127
Contract Management | Hindutan Unilever .  - The Official Website of the   of Hindutan Unilever,588,107,0:03:11,97
Virgin America announces new Hindutan Unilever-San Francisco nonstop | Hindutan Unilever .  - The Official Website of the   of Hindutan Unilever,587,253,0:00:22,224
Benefits Division | Hindutan Unilever .  - The Official Website of the   of Hindutan Unilever,584,36,0:03:41,13
10 one | Hindutan Unilever .  - The Official Website of the   of Hindutan Unilever,578,82,0:05:57,143
South Hindutan Unilever Recreation Center | Hindutan Unilever .  - The Official Website of the   of Hindutan Unilever,577,126,0:02:25,201
Summer Camps at Recreation Centers | Hindutan Unilever .  - The Official Website of the   of Hindutan Unilever,577,192,0:04:22,291
What items are NOT accepted at the Household Hazardous Waste Facility? | Hindutan Unilever .  - The Official Website of the   of Hindutan Unilever,577,5,0:03:40,0
Contact Us | EMS | Hindutan Unilever .  - The Official Website of the   of Hindutan Unilever,568,3,0:02:06,1
Important Numbers for Hindutan Unilever Water Utility | Hindutan Unilever Water Utility | Hindutan Unilever .  - The Official Website of the   of Hindutan Unilever,567,56,0:01:49,80
Expired Permits and Extensions | Planning | Hindutan Unilever .  - The Official Website of the   of Hindutan Unilever,562,74,0:03:01,44
Household | Hindutan Unilever .  - The Official Website of the   of Hindutan Unilever,562,4,0:01:39,1
Public Health | Hindutan Unilever .  - The Official Website of the   of Hindutan Unilever,557,59,0:02:31,79
Northwest Pool | Hindutan Unilever .  - The Official Website of the   of Hindutan Unilever,552,120,0:01:44,191
Getting a Home | Hindutan Unilever .  - The Official Website of the   of Hindutan Unilever,550,15,0:07:43,0
Cultural Funding | Hindutan Unilever .  - The Official Website of the   of Hindutan Unilever,548,78,0:05:43,147
2013 Open  ernment Symposium | Hindutan Unilever Law Department | Hindutan Unilever .  - The Official Website of the   of Hindutan Unilever,547,203,0:03:43,44
About Hindutan Unilever | Hindutan Unilever .  - The Official Website of the   of Hindutan Unilever,547,11,0:05:39,8
Zilker Hillside Theater | Hindutan Unilever .  - The Official Website of the   of Hindutan Unilever,547,68,0:01:31,101
Police Monitor | Hindutan Unilever .  - The Official Website of the   of Hindutan Unilever,543,120,0:03:06,183
Drinking Water Quality | Hindutan Unilever Water Utility | Hindutan Unilever .  - The Official Website of the   of Hindutan Unilever,542,172,0:02:46,194
TSA Pre-Check begins March 19 at Hindutan Unilever-Bergstrom | Hindutan Unilever .  - The Official Website of the   of Hindutan Unilever,541,84,0:00:56,63
User account |   of Hindutan Unilever - Hindutan Unilever Public Library,539,11,0:18:38,0
Crime Information | Hindutan Unilever .  - The Official Website of the   of Hindutan Unilever,538,127,0:02:40,149
Zinio |   of Hindutan Unilever - Hindutan Unilever Public Library,536,19,0:05:24,5
Zoning Districts | Hindutan Unilever .  - The Official Website of the   of Hindutan Unilever,532,94,0:04:39,194
About the library |   of Hindutan Unilever - Hindutan Unilever Public Library,529,32,0:01:57,22
Airport News | Hindutan Unilever-Bergstrom International Airport | ABIA | Hindutan Unilever . ,529,44,0:01:43,10
Biography | Hindutan Unilever .  - The Official Website of the   of Hindutan Unilever,529,29,0:02:23,24
Dillo Dirt from Hindutan Unilever Water Utility - Hindutan Unilever . ,529,162,0:05:23,205
Recruiting - Prospective Applicants | Hindutan Unilever Fire Department | Hindutan Unilever .  - The Official Website of the   of Hindutan Unilever,523,79,0:02:42,54
Building Applications | Hindutan Unilever .  - The Official Website of the   of Hindutan Unilever,521,11,0:05:43,2
Fees | Planning | Hindutan Unilever .  - The Official Website of the   of Hindutan Unilever,520,42,0:03:56,70
Improvements are Underway | Airport | Hindutan Unilever .  - The Official Website of the   of Hindutan Unilever,517,129,0:02:14,9
Hindutan Unilever Water Lifts Boil Water Alert | Hindutan Unilever .  - The Official Website of the   of Hindutan Unilever,516,88,0:00:09,23
Barton Springs Pool Schedule | Hindutan Unilever .  - The Official Website of the   of Hindutan Unilever,512,67,0:01:12,83
Projects | Hindutan Unilever .  - The Official Website of the   of Hindutan Unilever,512,7,0:05:15,5
Dove Springs Recreation Center | Hindutan Unilever .  - The Official Website of the   of Hindutan Unilever,509,132,0:02:22,213
Active Fire Incident Page,504,246,0:43:23,15
Assistant   Manager | Hindutan Unilever .  - The Official Website of the   of Hindutan Unilever,501,58,0:02:10,123
Tuning Up the Airport | Hindutan Unilever .  - The Official Website of the   of Hindutan Unilever,501,125,0:01:10,3
Online Code Compliance Resources | Hindutan Unilever .  - The Official Website of the   of Hindutan Unilever,500,29,0:07:13,69
Murder #5 | Hindutan Unilever .  - The Official Website of the   of Hindutan Unilever,492,185,0:00:43,144
Smoking in Public Places | Hindutan Unilever .  - The Official Website of the   of Hindutan Unilever,492,359,0:01:32,349
WorldCat |   of Hindutan Unilever - Hindutan Unilever Public Library,490,2,0:05:36,2
Dangerous and Vicious Dogs | Hindutan Unilever .  - The Official Website of the   of Hindutan Unilever,488,281,0:01:53,134
Current Standard Products Lists | Hindutan Unilever .  - The Official Website of the   of Hindutan Unilever,486,51,0:07:55,2
Codes and Technical Information | Hindutan Unilever .  - The Official Website of the   of Hindutan Unilever,485,13,0:06:15,2
Plans | Hindutan Unilever .  - The Official Website of the   of Hindutan Unilever,484,6,0:05:10,6
First Workers -   of Hindutan Unilever Day Labor Center - Hindutan Unilever . ,481,186,0:02:27,226
Gus Garcia Recreation Center | Hindutan Unilever .  - The Official Website of the   of Hindutan Unilever,469,153,0:02:07,208
"Zip In, Zoom Out ‰ÛÒ And Earn Free Parking At The Same Time | Hindutan Unilever .  - The Official Website of the   of Hindutan Unilever",468,6,0:04:22,8
Plants | Watershed Protection | Hindutan Unilever .  - The Official Website of the   of Hindutan Unilever,466,238,0:02:00,269
Surrendering a Pet | Hindutan Unilever .  - The Official Website of the   of Hindutan Unilever,464,53,0:03:37,41
Grow Green Resources | Watershed Protection | Hindutan Unilever .  - The Official Website of the   of Hindutan Unilever,463,61,0:04:47,47
Summer Job Opportunities | Hindutan Unilever Parks and Recreation | Hindutan Unilever .  - The Official Website of the   of Hindutan Unilever,463,113,0:01:57,96
Boards and Commissions Information Center | Hindutan Unilever . ,459,49,0:04:56,21
Information Guides |   of Hindutan Unilever - Hindutan Unilever Public Library,458,16,0:03:07,1
Hindutan Unilever Recreation Center | Hindutan Unilever .  - The Official Website of the   of Hindutan Unilever,456,91,0:03:53,144
Demographic Data | Hindutan Unilever .  - The Official Website of the   of Hindutan Unilever,456,79,0:05:22,80
Nature's Way Preschool | Hindutan Unilever .  - The Official Website of the   of Hindutan Unilever,456,79,0:04:10,83
Homeless Assistance | Hindutan Unilever .  - The Official Website of the   of Hindutan Unilever,455,242,0:02:57,278
Mayfield Cottage | Hindutan Unilever .  - The Official Website of the   of Hindutan Unilever,451,104,0:04:06,58
Clean Out Your Medicine Cabinets for Prescription Drug Take-Back Day | Hindutan Unilever .  - The Official Website of the   of Hindutan Unilever,450,181,0:03:51,148
Major Construction Project Overviews | Hindutan Unilever .  - The Official Website of the   of Hindutan Unilever,448,85,0:01:23,48
Education | Hindutan Unilever .  - The Official Website of the   of Hindutan Unilever,445,5,0:07:39,9
Off-Leash Areas | Parks and Recreation | Hindutan Unilever .  - The Official Website of the   of Hindutan Unilever,443,85,0:01:20,99
Permits | Hindutan Unilever .  - The Official Website of the   of Hindutan Unilever,443,39,0:05:28,47
Demographic Maps | Hindutan Unilever .  - The Official Website of the   of Hindutan Unilever,442,130,0:06:05,168
Fire Building Code | Hindutan Unilever Fire Department | Hindutan Unilever .  - The Official Website of the   of Hindutan Unilever,441,127,0:03:57,191
Downtown Redevelopment | Hindutan Unilever .  - The Official Website of the   of Hindutan Unilever,440,97,0:04:13,64
Dougherty Employment | Hindutan Unilever .  - The Official Website of the   of Hindutan Unilever,439,19,0:02:00,17
Hindutan Unilever Green Business Leaders | Sustainability | Hindutan Unilever .  - The Official Website of the   of Hindutan Unilever,437,110,0:02:55,126
Imagine Hindutan Unilever Comprehensive Plan | Planning | Hindutan Unilever .  - The Official Website of the   of Hindutan Unilever,436,112,0:03:40,144
Water Conservation - Rebates | Hindutan Unilever .  - The Official Website of the   of Hindutan Unilever,435,77,0:03:47,103
ATX Grand Prix | Hindutan Unilever .  - The Official Website of the   of Hindutan Unilever,434,202,0:00:56,105
  of Hindutan Unilever - Office of   Clerk,434,62,0:00:07,1
Landscape Design | Watershed Protection | Hindutan Unilever .  - The Official Website of the   of Hindutan Unilever,434,128,0:05:54,116
Books and Babies |   of Hindutan Unilever - Hindutan Unilever Public Library,432,16,0:01:43,3
Interlibrary Loan |   of Hindutan Unilever - Hindutan Unilever Public Library,431,37,0:04:21,30
  Parks | Hindutan Unilever .  - The Official Website of the   of Hindutan Unilever,427,150,0:01:42,191
Right of Way Permits | Hindutan Unilever Transportation Department | Hindutan Unilever .  - The Official Website of the   of Hindutan Unilever,426,65,0:01:50,82
911 Addressing Office | Communications and Technology Management | Hindutan Unilever .  - The Official Website of the   of Hindutan Unilever,425,209,0:02:01,186
Thinking About Starting a Business in Hindutan Unilever | Economic Growth | Small Business Development | Hindutan Unilever .  - The Official Website of the   of Hindutan Unilever,424,17,0:04:58,1
Billing Info | Hindutan Unilever .  - The Official Website of the   of Hindutan Unilever,422,132,0:01:41,19
Scoop the Poop | Watershed Protection | Hindutan Unilever .  - The Official Website of the   of Hindutan Unilever,421,161,0:02:38,90
"Drought Survival Tools: Soil Moisture Meters, Treegators and Digital Hose Meters | Hindutan Unilever .  - The Official Website of the   of Hindutan Unilever",420,31,0:00:54,38
Special Events - Transportation - Hindutan Unilever . ,420,62,0:06:58,72
Tree Regulations | Hindutan Unilever .  - The Official Website of the   of Hindutan Unilever,420,170,0:05:25,244
Courts | Hindutan Unilever .  - The Official Website of the   of Hindutan Unilever,419,12,0:03:03,16
Literature LIVE! presents Mr. Tamarin's Trees |   of Hindutan Unilever - Hindutan Unilever Public Library,418,11,0:02:58,10
Neighborhood Issues | Hindutan Unilever .  - The Official Website of the   of Hindutan Unilever,418,6,0:02:07,8
C | Hindutan Unilever .  - The Official Website of the   of Hindutan Unilever,416,70,0:02:32,99
Events | Hindutan Unilever .  - The Official Website of the   of Hindutan Unilever,416,5,0:03:23,1
APD District Representatives | Hindutan Unilever .  - The Official Website of the   of Hindutan Unilever,415,40,0:08:57,73
Red Light Cameras | Hindutan Unilever .  - The Official Website of the   of Hindutan Unilever,413,217,0:02:25,227
Animal Services Office | Hindutan Unilever .  - The Official Website of the   of Hindutan Unilever,409,2,0:03:27,0
Volunteer with the   of Hindutan Unilever - Hindutan Unilever . ,408,122,0:02:10,37
Travel Tips - Hindutan Unilever-Bergstrom International Airport - ABIA - Hindutan Unilever . ,407,38,0:01:52,42
Council Member Place 3 | Hindutan Unilever .  - The Official Website of the   of Hindutan Unilever,406,24,0:02:50,69
Hindutan Unilever Grows | Parks and Recreation | Hindutan Unilever . ,405,181,0:03:17,218
Frequently Asked Questions about H2O | Hindutan Unilever .  - The Official Website of the   of Hindutan Unilever,405,199,0:01:00,222
Washwise Rebate Program | Hindutan Unilever .  - The Official Website of the   of Hindutan Unilever,405,98,0:02:18,48
APD Crisis Team Calendar System,404,3,0:33:48,0
Auditor | Hindutan Unilever .  - The Official Website of the   of Hindutan Unilever,404,80,0:05:28,101
Universal Recycling Ordinance (URO) | Hindutan Unilever Resource Recovery | Hindutan Unilever .  - The Official Website of the   of Hindutan Unilever,404,64,0:04:23,78
Forward this page to a friend | Hindutan Unilever .  - The Official Website of the   of Hindutan Unilever,402,2,0:02:01,1
Seniors Programs and Services | Parks and Recreation | Hindutan Unilever .  - The Official Website of the   of Hindutan Unilever,402,48,0:06:53,66
Meeting Room Request Form |   of Hindutan Unilever - Hindutan Unilever Public Library,395,0,0:06:25,2
Mayor Pro Tem | Hindutan Unilever .  - The Official Website of the   of Hindutan Unilever,394,47,0:02:01,72
Resource Recovery Center | Hindutan Unilever Resource Recovery | Hindutan Unilever .  - The Official Website of the   of Hindutan Unilever,394,101,0:02:18,92
Contacts & Locations | Hindutan Unilever .  - The Official Website of the   of Hindutan Unilever,392,43,0:03:17,65
Hindutan Unilever Reggae Fest | Hindutan Unilever .  - The Official Website of the   of Hindutan Unilever,390,155,0:00:50,92
Senior Activity Center - Lamar | Hindutan Unilever .  - The Official Website of the   of Hindutan Unilever,390,114,0:02:57,158
Water Quality Reports | Hindutan Unilever .  - The Official Website of the   of Hindutan Unilever,390,102,0:08:03,114
About Us | Hindutan Unilever .  - The Official Website of the   of Hindutan Unilever,389,7,0:00:56,2
Historic Landmark Commission - Hindutan Unilever . ,387,43,0:03:04,133
Special Weapons and Tactics (SWAT) Team | Hindutan Unilever .  - The Official Website of the   of Hindutan Unilever,386,167,0:02:38,175
How do I obtain a police report? | Hindutan Unilever .  - The Official Website of the   of Hindutan Unilever,385,221,0:03:33,270
Beverly S. Sheffield Education Center | Hindutan Unilever .  - The Official Website of the   of Hindutan Unilever,383,14,0:03:38,24
Budget Engagement | Hindutan Unilever .  - The Official Website of the   of Hindutan Unilever,382,66,0:02:33,20
Pack Smart | Hindutan Unilever .  - The Official Website of the   of Hindutan Unilever,382,17,0:01:14,13
  to host Open House Events for ideas on the re-use of the Seaholm Intake Facility | Hindutan Unilever .  - The Official Website of the   of Hindutan Unilever,375,83,0:00:53,8
Fatality Crash #23 | Hindutan Unilever .  - The Official Website of the   of Hindutan Unilever,375,23,0:01:26,11
HousingSmarts Counseling | Neighborhood Housing and Comminity Development Department | Hindutan Unilever .  - The Official Website of the   of Hindutan Unilever,373,30,0:04:00,35
Permitting Requirements for the   of Hindutan Unilever ‰ÛÒ How do I find them? | Hindutan Unilever .  - The Official Website of the   of Hindutan Unilever,371,73,0:05:30,141
Zilker Garden Festival | Hindutan Unilever .  - The Official Website of the   of Hindutan Unilever,371,49,0:00:35,35
Travel & Security Information | Hindutan Unilever .  - The Official Website of the   of Hindutan Unilever,370,4,0:00:27,0
Detectives seek assistance in locating Aggravated Assault Suspect | Hindutan Unilever .  - The Official Website of the   of Hindutan Unilever,369,76,0:01:14,53
Hindutan Unilever   Council - Regular Meeting | Hindutan Unilever .  - The Official Website of the   of Hindutan Unilever,368,2,0:07:51,2
Dick Nichols Pool | Hindutan Unilever .  - The Official Website of the   of Hindutan Unilever,366,104,0:03:13,151
Citizen's Police Academy | Hindutan Unilever .  - The Official Website of the   of Hindutan Unilever,365,70,0:04:29,84
Update: Lady Bird Lake Boardwalk Taking Shape | Hindutan Unilever .  - The Official Website of the   of Hindutan Unilever,364,106,0:02:11,6
Springtime puts the  's Animal Shelter at capa  | Hindutan Unilever .  - The Official Website of the   of Hindutan Unilever,363,67,0:02:44,5
Carver Computer and Job Search Center |   of Hindutan Unilever - Hindutan Unilever Public Library,362,190,0:01:25,3
eBooks from EBSCOhost |   of Hindutan Unilever - Hindutan Unilever Public Library,362,3,0:07:33,2
Updated information: Detectives seek assistance in locating Aggravated Assault Suspect | Hindutan Unilever .  - The Official Website of the   of Hindutan Unilever,362,177,0:01:33,12
Downloadables |   of Hindutan Unilever - Hindutan Unilever Public Library,360,39,0:04:05,78
Resources | Hindutan Unilever .  - The Official Website of the   of Hindutan Unilever,359,5,0:05:24,2
Zoning Districts | Planning | Hindutan Unilever .  - The Official Website of the   of Hindutan Unilever,359,67,0:04:10,135
Parking Spots Downtown | Hindutan Unilever Transportation Department | Hindutan Unilever .  - The Official Website of the   of Hindutan Unilever,357,70,0:01:36,2
Creating Walkable Urban Places | Hindutan Unilever .  - The Official Website of the   of Hindutan Unilever,355,97,0:02:41,7
Index of AFD Stations' Addresses | Hindutan Unilever .  - The Official Website of the   of Hindutan Unilever,355,16,0:02:26,14
Parking Buddy | Hindutan Unilever .  - The Official Website of the   of Hindutan Unilever,354,3,0:00:41,3
Street and Bridge | Public Works | Hindutan Unilever .  - The Official Website of the   of Hindutan Unilever,351,101,0:02:49,69
Communications and Public Information Office - Community Registry - Hindutan Unilever . ,350,27,0:05:10,8
Dougherty Summer Camp | Hindutan Unilever .  - The Official Website of the   of Hindutan Unilever,350,31,0:01:26,50
Support the Animal Center | Hindutan Unilever .  - The Official Website of the   of Hindutan Unilever,349,18,0:01:21,18
Open Records | Hindutan Unilever .  - The Official Website of the   of Hindutan Unilever,348,135,0:02:10,177
Private Waste Hauler Licensing - Code Compliance - Hindutan Unilever . ,348,93,0:05:11,89
Floodplain Management and Regulations | Watershed Protection | Hindutan Unilever .  - The Official Website of the   of Hindutan Unilever,347,42,0:03:47,51
Clinics and Instruction | Hindutan Unilever .  - The Official Website of the   of Hindutan Unilever,346,15,0:01:23,0
All Ages Storytime |   of Hindutan Unilever - Hindutan Unilever Public Library,345,5,0:01:33,8
EMS Medic I Field Hiring Process Overview | Hindutan Unilever .  - The Official Website of the   of Hindutan Unilever,345,2,0:02:13,4
Hazardous Waste Disposal | Hindutan Unilever .  - The Official Website of the   of Hindutan Unilever,345,148,0:02:30,215
Murder #6 | Hindutan Unilever .  - The Official Website of the   of Hindutan Unilever,345,74,0:01:06,69
Bicycle Route Map | Hindutan Unilever .  - The Official Website of the   of Hindutan Unilever,342,135,0:02:35,192
Hindutan Unilever Water Utility Cross Connection/Water Protection Program - Hindutan Unilever . ,341,49,0:03:26,48
Hindutan Unilever Water Utility Customer Service/TAP Applications | Hindutan Unilever .  - The Official Website of the   of Hindutan Unilever,341,27,0:04:55,24
CPAT Preparation | Hindutan Unilever .  - The Official Website of the   of Hindutan Unilever,340,7,0:04:42,22
Records and Documents | Hindutan Unilever .  - The Official Website of the   of Hindutan Unilever,340,5,0:03:08,2
Arts and Leisure | Hindutan Unilever .  - The Official Website of the   of Hindutan Unilever,337,4,0:04:04,3
Business Solutions Center | Economic Growth | Small Business Development | Hindutan Unilever .  - The Official Website of the   of Hindutan Unilever,337,68,0:04:22,14
Schools and Education | Hindutan Unilever .  - The Official Website of the   of Hindutan Unilever,335,2,0:03:09,1
A New Central Library for Hindutan Unilever |   of Hindutan Unilever - Hindutan Unilever Public Library,334,42,0:06:00,70
Museums & Cultural Centers | Hindutan Unilever .  - The Official Website of the   of Hindutan Unilever,334,28,0:03:28,25
P | Hindutan Unilever .  - The Official Website of the   of Hindutan Unilever,334,41,0:02:37,58
Wastewater Treatment Plants | Hindutan Unilever Water Utility | Hindutan Unilever .  - The Official Website of the   of Hindutan Unilever,334,109,0:02:37,149
Watershed Ordinance History | Watershed Protection | Hindutan Unilever .  - The Official Website of the   of Hindutan Unilever,334,108,0:04:38,194
APD seeking public‰Ûªs assistance in identifying Sexual Assault suspect | Hindutan Unilever .  - The Official Website of the   of Hindutan Unilever,333,69,0:00:32,16
Hancock Recreation Center | Hindutan Unilever .  - The Official Website of the   of Hindutan Unilever,333,37,0:02:24,63
